distribution,variant,weight,collapsed_coordinate_fraction,coordinate_std_mean,coordinate_std_min,covariance_condition_number,covariance_identity_rmse,effective_rank,linear_probe_r2,predicted_next_state_r2,prediction_mse,seed,sigreg_statistic,train_seconds
gaussian,prediction-only,0.0,1.0,0.0006026650637808076,0.0005505176331862823,2.913038251514743,0.35355326156074735,7.633218409033315,0.01545756341361082,0.0031211422979025016,2.091895794364973e-07,0,1649.28076171875,4.4918151162564754
gaussian,prediction-only,0.0,1.0,0.0006699987659721023,0.0005766097329869255,3.3549850860085164,0.35355322955208324,7.490897182364557,0.012344289838305933,-0.0012910122031057902,2.739895421655092e-07,1,1653.3927001953125,4.073514227755368
gaussian,prediction-only,0.0,1.0,0.0007107758272549006,0.0005696223932175227,3.9978285492536445,0.3535532082842208,7.22007365920911,0.01013793211662628,0.0004320207674884946,3.1566847269459686e-07,2,1651.045166015625,4.200081164948642
gaussian,variance,0.25,0.0,1.0393707299080797,1.0245246414691513,258974.65664291324,1.0010203494010255,1.0522463374789237,0.3061739023043333,0.15294725582983815,0.010026541538536549,0,717.3626708984375,6.843750663101673
gaussian,variance,0.25,0.0,1.0714406022551655,1.0496845601939726,173902.6504315261,1.054326709445322,1.0940130996010045,0.4103724944432924,0.2826259072596349,0.010744808241724968,1,730.50830078125,6.198372319340706
gaussian,variance,0.25,0.0,1.0950426223922356,1.0344125699174578,267705.7520877001,1.1094020499070734,1.0691981249321787,0.3349189383923812,0.2913968128849427,0.010584231466054916,2,718.2817993164062,5.773615350946784
gaussian,variance,1.0,0.0,1.0412392403894695,0.9991592174185285,134432.98964154444,0.9996198599024313,1.0768825252912864,0.33467670723228904,0.3173264051745269,0.010641752742230892,0,706.561279296875,6.533711586147547
gaussian,variance,1.0,0.0,1.1049300997257605,1.0214388996927226,50920.328045625276,0.9575477892972659,1.6082026581030757,0.5135665081333336,0.45373544882234373,0.012344889342784882,1,549.1021728515625,5.920725808478892
gaussian,variance,1.0,0.0,1.1052927693746308,1.0345474687621667,155042.6363548126,1.1334259733071117,1.0667046796969502,0.39937651753399084,0.30876146090214374,0.011628031730651855,2,710.3828125,5.701060022227466
gaussian,variance,4.0,0.0,1.2670191728640214,1.1068773465606694,45602.61006289271,1.438266544142849,1.2578602302993331,0.5279900089424036,0.44502593179246264,0.017737016081809998,0,686.3089599609375,6.694508144631982
gaussian,variance,4.0,0.0,1.1676907766916143,1.0479030110283696,21701.173265198075,0.9987052931517416,1.9246486397852618,0.5674624683513565,0.5363401208522366,0.015016819350421429,1,470.00970458984375,5.606251352466643
gaussian,variance,4.0,0.0,1.1699551625454276,1.0430597068408756,89810.09176423005,1.2730514922201503,1.1227573450785908,0.5391491624690203,0.46499330470144684,0.013817159458994865,2,702.07373046875,5.650075762532651
gaussian,sigreg,0.002,0.0,0.9952801604774447,0.9766018381871273,1.237284112702769,0.02338414877244452,7.982650915450735,0.9603812693897648,0.9526105967187367,0.01240309327840805,0,3.9378490447998047,8.134646723046899
gaussian,sigreg,0.002,0.0,0.9999851007452187,0.984095619442942,1.3671041256695982,0.034892475255307434,7.960759354448488,0.8066216679497623,0.7922616494565762,0.015597796998918056,1,7.3431854248046875,7.631350040435791
gaussian,sigreg,0.002,0.0,0.9929476954428245,0.9733286988212357,1.2523364078435562,0.025793383493936884,7.978709484211478,0.9629715161548407,0.9555238144289837,0.012554826214909554,2,3.831195831298828,7.652592991478741
gaussian,sigreg,0.005,0.0,1.0045873159807703,0.983283740491937,1.2093985090009187,0.022918310842943178,7.983980111370919,0.9602046071810723,0.9529920183655575,0.014400664716959,0,4.336941719055176,8.771562178619206
gaussian,sigreg,0.005,0.0,1.0039518193451582,0.9606273308713759,1.3534356524782247,0.031668051400742615,7.968594272526557,0.9613716880779656,0.9547995841478643,0.014097068458795547,1,4.582322120666504,8.584941097535193
gaussian,sigreg,0.005,0.0,1.0032936034861477,0.9785613543546625,1.2805797551062914,0.028397425012960213,7.974632445136394,0.9605534996586754,0.953798787543983,0.014570463448762894,2,4.601082801818848,7.684311617165804
gaussian,sigreg,0.01,0.0,1.0120778311812684,0.9867343246114546,1.2076644272845616,0.02473931836101638,7.983731590560813,0.9570297172309433,0.9502456949935809,0.01628364622592926,0,4.625851631164551,8.822948469780385
gaussian,sigreg,0.01,0.0,1.010263823627368,0.9771360705198402,1.370364740665,0.03403259614086358,7.9660832533987245,0.9574949204714147,0.9512664606699396,0.01624143309891224,1,4.8888349533081055,8.497417361475527
gaussian,sigreg,0.01,0.0,1.0103505696231638,0.9832082534008425,1.3109959517911423,0.031040140479228037,7.9721046974495176,0.9559897199534894,0.9498017065068347,0.016376256942749023,2,5.102077484130859,8.457043681293726
gaussian,sigreg,0.02,0.0,1.017437900269981,0.9893167247485574,1.2068600758542165,0.02671343031986705,7.983468637336385,0.9525634315270756,0.9463457807239244,0.018193688243627548,0,4.8839263916015625,8.835373832844198
gaussian,sigreg,0.02,0.0,1.0126972509556675,0.9889334501442637,1.3833774666088974,0.035184272448428734,7.964919769296424,0.9505173944789055,0.9445926676831597,0.01826869137585163,1,4.934909820556641,7.834797834046185
gaussian,sigreg,0.02,0.0,1.0151075022906166,0.9856402793350092,1.3347044038941898,0.033394301571705934,7.9700203097876585,0.9508751114219224,0.9451884562339393,0.01816180720925331,2,5.422970771789551,7.511762768030167
gaussian,sigreg,0.05,0.0,1.0216301132298389,0.9917169314303448,1.2065026736471673,0.028402151557476496,7.983494489846502,0.9471167926373035,0.9414989428495587,0.020212776958942413,0,5.119938850402832,8.897299092262983
gaussian,sigreg,0.05,0.0,1.0155336789588294,0.9822938966295713,1.3941830485803615,0.03668169955051362,7.96336109420597,0.944216690095528,0.9388490318574798,0.02011609449982643,1,5.035043716430664,8.630299272947013
gaussian,sigreg,0.05,0.0,1.0186731127946165,0.9884298239508464,1.3521173381961873,0.035416624295097586,7.96823009991411,0.9450494211184478,0.9399550558680937,0.020004652440547943,2,5.692139625549316,8.556484785862267
bimodal,prediction-only,0.0,1.0,0.0007149915756127761,0.0006644959939671104,3.45510806433995,0.35355320922458744,7.408913340265126,0.08177550354419638,0.007643931441407514,1.7387861817041994e-07,0,1649.111083984375,4.675424050539732
bimodal,prediction-only,0.0,1.0,0.0008118644491849854,0.0006441653230385509,5.095499815534444,0.3535531516704791,7.16750194799129,0.08891980495778418,0.013285894037678547,2.1445080733428767e-07,1,1653.2396240234375,4.08851841557771
bimodal,prediction-only,0.0,1.0,0.0008358400632322263,0.000623553507139698,5.00556555253497,0.3535531359963256,6.911662308410992,0.0743256241682202,0.007459808531910972,2.384844606240222e-07,2,1651.1650390625,3.592148484662175
bimodal,variance,0.25,0.0,1.0997907942996425,1.069200139782577,702418.253261986,1.1342782957212343,1.0010111649938322,0.2358790311058787,0.21644326185953378,0.00017983693396672606,0,1725.566162109375,6.9982044249773026
bimodal,variance,0.25,0.0,1.1690047009731122,1.0730537086315965,523358.8409623833,1.2892043552576617,1.0069018586435516,0.28961354946533435,0.2667333402691201,0.00023139500990509987,1,1978.2025146484375,6.697090297937393
bimodal,variance,0.25,0.0,1.0678827658852628,1.0402377006917265,582806.9701979802,1.068474826054966,1.0010086607450093,0.22408225796544023,0.049307907415845786,0.00023574680380988866,2,1526.5399169921875,6.666213486343622
bimodal,variance,1.0,0.0,1.1640078949533472,1.0593846038790034,188421.27096106103,1.229118132966191,1.1721747294319407,0.2986791258571522,0.26470976964605575,0.0015039843274280429,0,1617.855224609375,6.756418012082577
bimodal,variance,1.0,0.0,1.1630951019899034,1.0884019981501263,154599.70105588285,1.2424006839340402,1.1207737005971823,0.48997530368879527,0.49281901796105565,0.0013995982008054852,1,1644.3056640625,6.554305518977344
bimodal,variance,1.0,0.0,1.20683713576084,1.117124329746293,246878.06366342152,1.3731185685593137,1.0135271645837722,0.3835379778940975,0.3098046386423916,0.0014720628969371319,2,1661.401611328125,6.353789449669421
bimodal,variance,4.0,0.0,1.3183136425706738,1.1038038793605094,85051.83575382963,1.5963009636918177,1.20018092308141,0.5733553983175241,0.5275436335183237,0.007342526689171791,0,1653.07763671875,6.793888196349144
bimodal,variance,4.0,0.0,1.2187358304320983,1.0283657104120956,35277.9167603173,1.1802019729886772,1.706513203738338,0.5599404908303005,0.55134618067969,0.008875862695276737,1,722.9475708007812,5.815868125297129
bimodal,variance,4.0,0.0,1.2914132640165628,1.0950844452630666,76090.87839000343,1.5622144584055324,1.1150041968215818,0.5450437647060535,0.32407930627972725,0.008338144049048424,2,1114.142333984375,5.84425272513181
bimodal,sigreg,0.002,0.0,0.9719392671047435,0.943065726453285,1.2041101337921247,0.030531533349215996,7.98026356506601,0.981296428170792,0.9715208026720159,0.007708841469138861,0,10.459218978881836,8.89919173810631
bimodal,sigreg,0.002,0.0,0.9820421843713072,0.956413982829834,1.312353377502011,0.032150613967739126,7.969680560153412,0.9058994668989656,0.896526638419676,0.009062858298420906,1,10.156991004943848,8.552170669659972
bimodal,sigreg,0.002,0.0,0.9759427175318894,0.9564778401033794,1.299901177554928,0.032256784414002614,7.973365421016084,0.976908794363118,0.9677782781503752,0.007686931639909744,2,8.98103141784668,8.725987397134304
bimodal,sigreg,0.005,0.0,0.9765107352771747,0.9440589411510251,1.2252965159444282,0.029379802361252642,7.979111432666789,0.9822736027174888,0.9726170474290948,0.009215097874403,0,11.461454391479492,8.863087923265994
bimodal,sigreg,0.005,0.0,0.9735840563141971,0.9456509093114267,1.3051523315956894,0.03302322882479782,7.973221332821562,0.9799614450754894,0.9702401167849777,0.00885979924350977,1,10.632200241088867,8.384517562575638
bimodal,sigreg,0.005,0.0,0.9808183467064224,0.9673460196929653,1.3569668905348278,0.03388801339916144,7.966660020244229,0.9808478252857301,0.9704216808465977,0.008831571787595749,2,9.880324363708496,7.984937240369618
bimodal,sigreg,0.01,0.0,0.9783394203729598,0.9478225530149439,1.2533307547000028,0.030669709392279476,7.975180818249952,0.9807358747819126,0.970671851347052,0.010792765766382217,0,11.92962646484375,9.208405449986458
bimodal,sigreg,0.01,0.0,0.9776498660931763,0.9566273762926396,1.4224732053645668,0.03655268238561208,7.961254086558715,0.9547866839730034,0.9460482774055711,0.011107288300991058,1,10.558357238769531,8.82036639470607
bimodal,sigreg,0.01,0.0,0.9818351635561373,0.9671885713073217,1.369509292541652,0.03439337553588625,7.964987565606697,0.9788855630210054,0.9679556574089445,0.010090691037476063,2,10.076099395751953,8.803630355745554
bimodal,sigreg,0.02,0.0,0.9787592493627316,0.9552546230076508,1.277330336969944,0.03243811407315628,7.971067622403304,0.9783657478417731,0.9680355915814705,0.012423075735569,0,12.01084041595459,8.609799494035542
bimodal,sigreg,0.02,0.0,1.0040678024875593,0.97643753520426,1.3559228019585652,0.034792725635957915,7.962617091362122,0.80217993890985,0.7868916041481968,0.017653577029705048,1,8.645569801330566,8.063762875273824
bimodal,sigreg,0.02,0.0,0.9817215904001817,0.9636331418186584,1.3765240585568632,0.034581900812743004,7.964636932688898,0.9758900095782831,0.9644028017071845,0.011404784396290779,2,10.017000198364258,8.088449504226446
bimodal,sigreg,0.05,0.0,0.9791056640892153,0.955686972241134,1.2919322114637763,0.03343609826848508,7.968636659274349,0.9755798915925586,0.9651155091694325,0.014100393280386925,0,12.066930770874023,9.238023075275123
bimodal,sigreg,0.05,0.0,1.0021454728946844,0.9795101113982562,1.3185710431671775,0.03242913150779948,7.967005241093374,0.8117737796820256,0.7939550853752368,0.020594671368598938,1,8.851821899414062,8.754846525378525
bimodal,sigreg,0.05,0.0,0.9813090960449089,0.9615055041539218,1.37840067466283,0.03463334945820989,7.964749104107481,0.9714582111755001,0.9594409141829435,0.012751263566315174,2,9.927051544189453,8.63276478368789
